,How much do we make,Unnamed: 1,Unnamed: 2,Unnamed: 3,Unnamed: 4,Unnamed: 5,Unnamed: 6,Unnamed: 7,Unnamed: 8,Unnamed: 9,Unnamed: 10,who gets it,Unnamed: 12,Unnamed: 13,Unnamed: 14,Unnamed: 15,Unnamed: 16,Unnamed: 17,Unnamed: 18,Unnamed: 19,who gets it total,Unnamed: 21,Unnamed: 22,Unnamed: 23,Unnamed: 24,Unnamed: 25,Unnamed: 26,Unnamed: 27,who gets it/per capita,Unnamed: 29,Unnamed: 30,Unnamed: 31,Unnamed: 32,Unnamed: 33,total,Unnamed: 35,Unnamed: 36,Unnamed: 37,Unnamed: 38,How much should people get /cap,Unnamed: 40,by food,total.1,Unnamed: 43,Unnamed: 44,Unnamed: 45,Unnamed: 46,Unnamed: 47,Unnamed: 48,Unnamed: 49,How much is needed (xpop),Unnamed: 51,Unnamed: 52,Unnamed: 53,Unnamed: 54,plus waste,Unnamed: 56,Unnamed: 57,Unnamed: 58,How much is needed,Unnamed: 60,Unnamed: 61,Unnamed: 62,Unnamed: 63,Unnamed: 64,overshoot/undershoot,Unnamed: 66,Unnamed: 67,Unnamed: 68,production from column 1,Unnamed: 70,Unnamed: 71,Unnamed: 72
0,,original,merged categories,animal feed %,biofuels %,total % redirected,adjusted totals,display totals,,,,region,food,% of supply / consumption,checksum,difference,total adjusted supply,old numbers,total adjusted supply (in new food groups),old numbers for check sum,new adjusted total,,,% of total,old total,% of world population,,,region,food,kg / capita,kg/cap (old),kg / capita (in new food groups),by food groups(old),new adjusted total,old total,calculation for chart,,,region,food,recommended consumption,total recommended consumption,over- or under- shoot,% over or under,calc for chart,overshoot/undershoot,,,,region,food,population,m tonnes,total,m Tonnes,total,,,food,m Tonnes,12.77,mTonnes,12.77,total waste,,,,,,,,
1,food,m Tonnes,,,,,,for the graphic,,,,,,live numbers,pre-check,,m tonnes,m tonnes,m tonnes,m tonnes,m tonnes,pixels,ratio,,m/tonnes,,,,,,,for checking,,for checking,kg / capita,kg/cap,ignore,,,,,kg/cap/year,kg/cap/year,,,SQRT,old,old,,,,,,,,,,,,,exc waste,pixels,inc. waste,pixels,,mTonnes,%,,,food,m Tonnes,,
2,,,7379.599999999999,,,,5969.459999999999,7384.899999999999,,,,,,,,,,,5969.459999999998,,5969.459999999999,,9.265940247127315,,7384.9,1,,,,,,,,,6520.6875486215595,,,,,,,,,,,,,,,,,,6416459397,,,,3778.3609899907365,,,,2906.431530762106,227.59839708395506,3778.3609899907374,295.8779162091415,871.9294592286315,,,,,,,,
3,Startch Veg,834.7,834.7,,,,834.7,834.7,,,,S Asia,Startch Veg,0.10300009518289299,0.4094,0.306399904817107,85.97417944916079,414.34,85.97417944916079,414.34,860.2962222445356,92.845,,0.14411625544765116,1469.18,0.20430253024166375,,,S Asia,Startch Veg,65.58414238123338,316.07319463059423,65.58414238123338,316.07319463059423,656.2643608955498,1120.742424307034,32.813218044777486,,,S Asia,Starch Veg,18.25,452.96500000000003,47.33414238123338,2.593651637327856,16.104818028552373,297.82319463059423,16.31907915784078,,,S Asia,Startch Veg,1310898890,23.9239047425,593.79131570885,31.10107616525,771.928710421505,,,Startch Veg,117.10038399525,9.16995959242365,152.23049919382498,11.920947470150743,,682.4695008061751,0.8183087539642387,,,Startch Veg,834,,
4,Whole Grains,2667,2667,0.41,0.11,0.52,1280.1599999999999,1280.1599999999999,,,,,Whole Grains,0.2093058334185798,0.2093,-5.833418579792582e-06,267.9449557091291,558.22,267.9449557091291,558.22,,,,,,,,,,Whole Grains,204.3978812958863,425.8299432994409,204.3978812958863,425.8299432994409,,,,,,,Whole Grains,84.68,,119.71788129588629,1.4137680833241175,11.890197993827174,341.1499432994409,4.0286955987180075,,,,Whole Grains,1310898890,111.0069180052,,144.30899340676,,,,Whole Grains,543.3457817379601,42.54861250884574,706.3495162593482,55.31319626149947,,1960.650483740652,0.7351520373980697,,,Whole Grains,2667,,
5,Vegetables,1130,2013,,,,1130,2013,,,,,Vegetables,0.10141960449665804,0.1014,-1.9604496658040538e-05,114.60415308122359,114.6,236.48929168134336,236.49,,,,,,,,,,Vegetables,87.42409804101948,87.42092992389367,180.40238914333307,180.40292947383608,,,,,,,Vegetables,182.5,,-2.0976108566669325,-0.011493758118722918,1.0720894607598246,-2.097070526163918,-0.011490797403637908,,,,Vegetables,1310898890,239.239047425,,311.0107616525,,,,Vegetables,1171.0038399525001,91.6995959242365,1522.3049919382502,119.20947470150746,,490.6950080617503,0.31254459112213395,,,Vegetables,1570,,
6,Fruit,883,,,,,883,,,,,,Fruit,0.13803526455279702,0.138,-3.5264552797009685e-05,121.88513860011977,121.89,,,,,,,,,,,,Fruit,92.97829110231359,92.9819995499424,,,,,,,,,Fruit,,,,,,0,,,,,Fruit,1310898890,,,,,,,Fruit,0,0,,0,,0,,,,Fruit,,,
7,milk & Dairy,841,841,,,,841,841,,,,,milk & Dairy,0.14953652986190472,0.1281,-0.021436529861904724,125.76022161386187,107.74,125.76022161386187,107.74,,,,,,,,,,milk & Dairy,95.93434136927362,82.18787949389444,95.93434136927362,82.18787949389444,,,,,,,milk & Dairy,91.25,,4.684341369273625,0.05133524788245068,,-9.062120506105558,-0.09931090965595131,,,,milk & Dairy,1310898890,119.6195237125,,155.50538082625,,,,milk & Dairy,585.5019199762501,45.84979796211825,761.1524959691251,59.60473735075373,,79.84750403087514,0.09494352441245558,,,milk & Dairy,841,,
8,red meat,212,212,,,,212,212,,,,,red meat,0.022612480540453422,0.0226,-1.248054045342381e-05,4.793845874576125,4.79,4.793845874576125,4.79,,,,,,,,,,read meat,3.6569150459621835,3.6539812769236533,3.6569150459621835,3.6539812769236533,,,,,,,read meat,5.11,,-1.4530849540378168,-0.2843610477569113,5.332551432071812,-1.456018723076347,-0.284935170856428,,,,read meat,1310898890,6.698693327900001,,8.708301326270002,,,,read meat,32.78810751867,2.567588685878622,42.62453977427101,3.337865291642209,,169.375460225729,0.7989408501213632,,,read meat,212,,
9,Poultry,134,371.9,,,,134,371.9,,,,,Poultry,0.03345827036240278,0.0335,4.172963759722231e-05,4.483408228561973,4.48,19.725860707303717,19.720000000000002,,,,,,,,,,Poultry,3.4201022388248212,3.417502321632144,15.047583652545253,15.043112897898633,,,,,,,Poultry,25.55,,-10.502416347454748,-0.41105347739548914,6.4113452363407255,-10.506887102101368,-0.4112284580078813,,,,Poultry,1310898890,33.4934666395,,43.54150663135,,,,Poultry,163.94053759335,12.837943429393109,213.122698871355,16.689326458211042,,158.77730112864498,1.1849052323033207,,,Poultry,134,,
10,Fish & Seafood,155,,,,,155,,,,,,Fish & Seafood,0.064269978300629,0.0643,3.0021699370996746e-05,9.961846636597494,9.96,,,,,,,,,,,,Fish & Seafood,7.599248662570378,7.597839982914319,,,,,,,,,Fish & Seafood,,,,,,0,,,,,Fish & Seafood,1310898890,,,,,,,Fish & Seafood,0,,,,,0,,,,Fish & Seafood,,,
11,eggs,82.9,,,,,82.9,,,,,,eggs,0.0636985023177835,0.0637,1.497682216508589e-06,5.2806058421442525,5.28,,,,,,,,,,,,eggs,4.028232751150054,4.0277705933521695,,,,,,,,,eggs,,,,,,0,,,,,eggs,1310898890,,,,,,,eggs,0,,,,,0,,,,eggs,,,
12,Legumes & nuts,440,440,0.062,0.003,0.065,411.40000000000003,416.70000000000005,,,,,Legumes,0.28896979225718195,0.289,3.0207742818033623e-05,118.88217253460466,127.88000000000001,119.60786720916066,119.60786720916066,,,,,,,,,,Legumes,90.68752246376886,97.5513832344461,91.241108007316,97.5513832344461,,,,,,,Legumes,45.625,,45.616108007316,0.9998051070096657,9.999025487564605,51.92638323444611,1.138112509248134,,,,Legumes,1310898890,59.80976185625,,77.752690413125,,,,Legumes,292.75095998812503,22.924898981059126,380.57624798456254,29.802368675376865,,64.72375201543758,0.14709943639872178,,,Legumes,440,,
13,Nuts,5.3,5.3,,,,5.3,,,,,,nuts,0.13692352350113227,0.1369,-2.3523501132272084e-05,0.725694674556001,,,,,,,,,,,,,nuts,0.5535855435471465,,,,,,,,,,nuts,,,,,,,,,,,,1310898890,,,,,,,,,,,,,,,,,,,,
14,,,,,,,,,,,,,,,,,,,,,,,,,,,,,,,,,,,,,,,,,,,,,,,,,,,,,,,,,,,,Waste,871.9294592286315,68.2795191251865,,0,,,,,,,,,
15,,,,,,,,,,,,E Asia & Oceania,Startch Veg,0.3186308292320653,0.1789,-0.1397308292320653,265.9611531600049,149.32,265.9611531600049,149.32,2193.29474193515,,,0.36741928783091776,2634.1799999999994,0.3293706295387939,,,E Asia & Oceania,Startch Veg,125.84555691055047,70.65414754980546,125.84555691055047,70.65414754980546,1037.807194728761,1246.4220626355916,51.89035973643805,,,E Asia & Oceania,Startch Veg,18.25,452.96500000000003,107.59555691055047,5.895646954002766,24.28095334619867,52.40414754980546,2.8714601397153676,,,E Asia & Oceania,Startch Veg,2113393271,38.56942719575,957.293182998515,50.140255354475,1244.4811378980694,,,,,,,,,,,,,,,,
16,animal feed,,,,,,,1120.75,,,,,Whole Grains,0.3949522452431607,0.395,4.77547568393244e-05,505.60206627048456,1053.34,505.60206627048456,1053.34,,,,,,,,,,Whole Grains,239.23709477472096,498.4117317178682,239.23709477472096,498.4117317178682,,,,,,,Whole Grains,84.68,,154.55709477472095,1.8251900658327933,13.509959532999325,413.7317317178682,4.885825835118896,,,,Whole Grains,2113393271,178.96214218828004,,232.65078484476405,,,,,,,,,,,,,,,,,
17,biofuels,,,,,,,294.69,,,,,Vegetables,0.5976670956099678,0.5977,3.2904390032229e-05,675.3638180392636,675.36,987.2958277934767,987.29,,,,,,,,,,Vegetables,319.56372119974617,319.56191460779945,467.16143244192097,467.15867488914705,,,,,,,Vegetables,182.5,,284.66143244192097,1.5597886709146354,12.489149974736613,284.65867488914705,1.5597735610364223,,,,Vegetables,2113393271,385.6942719575,,501.40255354475005,,,,,,,,,,,,,,,,,
18,,,,,,,,,,,,,Fruit,0.35326388420635696,0.3533,3.6115793643043403e-05,311.9320097542132,311.93,,,,,,,,,,,,Fruit,147.59771124217477,147.59676028134757,,,,,,,,,Fruit,,,,,,0,,,,,Fruit,2113393271,,,,,,,,,,,,,,,,,,,,
19,,,,,,,,,,,,,milk & Dairy,0.031018438930037952,0.0318,0.0007815610699620501,26.086507140161917,26.74,26.086507140161917,26.74,,,,,,,,,,milk & Dairy,12.343423014599878,12.652637995458063,12.343423014599878,12.652637995458063,,,,,,,milk & Dairy,91.25,,-78.90657698540012,-0.8647296107989054,9.2990838839044,-78.59736200454194,-0.8613409534744322,,,,milk & Dairy,2113393271,192.84713597875,,250.70127677237502,,,,,,,,,,,,,,,,,
20,,,,,,,,,,,,,read meat,0.4374804362058339,0.4375,1.9563794166121973e-05,92.74585247563678,92.75,92.74585247563678,92.75,,,,,,,,,,read meat,43.88480542088221,43.886767916183075,43.88480542088221,43.886767916183075,,,,,,,read meat,5.11,,38.77480542088221,7.588024544203955,27.546369169463976,38.776767916183076,7.588408594164985,,,,read meat,2113393271,10.799439614810002,,14.039271499253003,,,,,,,,,,,,,,Eat Lancet ideal Diet,,,
21,,,,,,,,,,,,,Poultry,0.29148287940845347,0.2915,1.7120591546515573e-05,39.05870584073276,39.06,182.05431489092712,182.06,,,,,,,,,,Poultry,18.48151329745232,18.48212565828691,86.1431317062839,86.14582174469317,,,,,,,Poultry,25.55,,60.5931317062839,2.371551143103088,15.399841372894358,60.59582174469317,2.3716564283637247,,,,Poultry,2113393271,53.997198074050004,,70.19635749626501,,,,,,,,,,,,,,per cap consumption requirements,g/day,g/year,kg/year
22,,,,,,,,,,,,,Fish & Seafood,0.6265820959694773,0.6266,1.7904030522708503e-05,97.12022487526899,97.12,,,,,,,,,,,,Fish & Seafood,45.95463901960582,45.95453261476766,,,,,,,,,Fish & Seafood,,,,,,0,,,,,Fish & Seafood,2113393271,,,,,,,,,,,,,,,,,starchy veg,50,18250,18.25
23,,,,,,,,,,,,,eggs,0.553382197526241,0.5534,1.7802473759043203e-05,45.87538417492538,45.88,,,,,,,,,,,,eggs,21.706979389225747,21.709163471638593,,,,,,,,,eggs,,,,,,0,,,,,eggs,2113393271,,,,,,,,,,,,,,,,,whole grains,232,84680,84.68
24,,,,,,,,,,,,,Legumes,0.31926586536202933,0.3193,3.413463797063976e-05,131.34597700993888,142.67999999999998,133.54902020445786,142.67999999999998,,,,,,,,,,Legumes,62.1493305634448,67.51228082243665,63.19175045980255,67.51228082243665,,,,,,,Legumes,45.625,,17.56675045980255,0.3850246676121107,6.205035597094595,21.88728082243665,0.4797212235054608,,,,Legumes,2113393271,96.423567989375,,125.35063838618751,,,,,,,,,,,,,,veg & fruit,500,182500,182.5
25,,,,,,,,,,,,,nuts,0.4156685272677344,0.4157,3.147273226561387e-05,2.203043194518992,,,,,,,,,,,,,nuts,1.0424198963577527,,,,,,,,,,nuts,,,,,,,,,,,,2113393271,,,,,,,,,,,,,,,,,,,,
26,,,,,,,,,,,,,,,,,,,,,,,,,,,,,,,,,,,,,,,,,,,,,,,,,,,,,,,,,,,,,,,,,,,,,,,,,
27,,,,,,,,,,,,SSAfrica,Startch Veg,0.24109918924260015,0.1354,-0.10569918924260016,201.24549326079836,112.99,201.24549326079836,112.99,504.26084161100374,,,0.084473443428887,524.33,0.10033304789569761,,,SSAfrica,Startch Veg,312.5983689657554,175.50946924147075,312.5983689657554,175.50946924147075,783.277747326353,814.4515444497775,39.16388736631765,,,SSAfrica,Startch Veg,18.25,452.96500000000003,294.3483689657554,16.128677751548242,40.16052508564628,157.25946924147075,8.616957218710727,,,SSAfrica,Startch Veg,643782928,11.749038436,291.61113398152,15.273749966799999,379.094474175976,,,,,,,,,,,,,,,,
28,,,,,,,,,,,,,Whole Grains,0.07462852423682473,0.0746,-2.852423682472849e-05,95.53645158701353,199.03,95.53645158701353,199.03,,,,,,,,,,Whole Grains,148.3985477586531,309.1570020632793,148.3985477586531,309.1570020632793,,,,,,,Whole Grains,84.68,,63.7185477586531,0.7524627746652468,8.674461220532644,224.47700206327931,2.650885711658943,,,,Whole Grains,643782928,54.51553834304,,70.870199845952,,,,,,,,,,,,,,milk,250,91250,91.25
29,,,,,,,,,,,,,Vegetables,0.030786872474324933,0.0308,1.3127525675067642e-05,34.789165895987175,34.79,98.50747285183596,98.50999999999999,,,,,,,,,,Vegetables,54.03865865791827,54.03995428720035,153.0134903667964,153.01741583305855,,,,,,,Vegetables,182.5,,-29.48650963320361,-0.16156991579837596,4.019576044788504,-29.48258416694145,-0.16154840639419973,,,,Vegetables,643782928,117.49038436,,152.737499668,,,,,,,,,,,,,,redmeat,14,5110,5.11
30,,,,,,,,,,,,,Fruit,0.07216116303040633,0.0722,3.883696959366967e-05,63.71830695584879,63.72,,,,,,,,,,,,Fruit,98.97483170887811,98.97746154585819,,,,,,,,,Fruit,,,,,,0,,,,,Fruit,643782928,,,,,,,,,,,,,,,,,other asf,70,25550,25.55
31,,,,,,,,,,,,,milk & Dairy,0.03878533930612425,0.0398,0.001014660693875749,32.618470356450494,33.43,32.618470356450494,33.43,,,,,,,,,,milk & Dairy,50.66687688936432,51.92744098364783,50.66687688936432,51.92744098364783,,,,,,,milk & Dairy,91.25,,-40.58312311063568,-0.4447465546371034,6.66893210819471,-39.32255901635217,-0.43093215360385945,,,,milk & Dairy,643782928,58.74519218,,76.368749834,,,,,,,,,,,,,,,,,
32,,,,,,,,,,,,,read meat,0.028633821788983285,0.0286,-3.3821788983284806e-05,6.070370219264457,6.07,6.070370219264457,6.07,,,,,,,,,,read meat,9.42921900418033,9.428643935708715,9.42921900418033,9.428643935708715,,,,,,,read meat,5.11,,4.31921900418033,0.8452483374129804,9.19373883364641,4.318643935708715,0.8451357995516076,,,,read meat,643782928,3.2897307620800005,,4.2766499907040005,,,,,,,,,,,,,,,,,
33,,,,,,,,,,,,,Poultry,0.03203525791296399,0.032,-3.5257912963986004e-05,4.292724560337175,4.29,12.356674670436348,12.36,,,,,,,,,,Poultry,6.667968928087473,6.663736817823787,19.193852668358346,19.19901796463916,,,,,,,Poultry,25.55,,-6.356147331641655,-0.24877288969243266,4.987713801857848,-6.35098203536084,-0.24857072545443598,,,,Poultry,643782928,16.4486538104,,21.38324995352,,,,,,,,,,,,,,legumes,125,45625,45.625
34,,,,,,,,,,,,,Fish & Seafood,0.043336749542266975,0.0433,-3.6749542266976964e-05,6.717196179051381,6.72,,,,,,,,,,,,Fish & Seafood,10.43394580207225,10.438301029318378,,,,,,,,,Fish & Seafood,,,,,,0,,,,,Fish & Seafood,643782928,,,,,,,,,,,,,,,,,,,,452.96500000000003
35,,,,,,,,,,,,,eggs,0.016245523896837054,0.0162,-4.552389683705471e-05,1.3467539310477918,1.35,,,,,,,,,,,,eggs,2.091937938198622,2.096980117496996,,,,,,,,,eggs,,,,,,0,,,,,eggs,643782928,,,,,,,,,,,,,,,,,,,,
36,,,,,,,,,,,,,Legumes,0.14040590857540525,0.1404,-5.908575405250138e-06,57.76299078792172,61.94,57.925908665204574,61.94,,,,,,,,,,Legumes,89.72432830328444,96.21255442797327,89.97739167324515,96.21255442797327,,,,,,,Legumes,45.625,,44.35239167324515,0.9721072147560581,9.859549760288541,50.587554427973274,1.1087683162295512,,,,Legumes,643782928,29.37259609,,38.184374917,,,,,,,,,,,,,,,,,
37,,,,,,,,,,,,,nuts,0.030739222128840355,0.0307,-3.922212884035353e-05,0.16291787728285387,,,,,,,,,,,,,nuts,0.25306336996071116,,,,,,,,,,nuts,,,,,,,,,,,,643782928,,,,,,,,,,,,,,,,,,,,
38,,,,,,,,,,,,,,,,,,,,,,,,,,,,,,,,,,,,,,,,,,,,,,,,,,,,,,,,,,,,,,,,,,,,,,,,,
39,,,,,,,,,,,,EMEA,Startch Veg,0.03477069961085575,0.0195,-0.01527069961085575,29.023102965181295,16.29,29.023102965181295,16.29,320.36261819566573,,,0.05366693439534996,406.2800000000001,0.060696380496397924,,,EMEA,Startch Veg,74.5221881901048,41.82758980227543,74.5221881901048,41.82758980227543,822.5903119626327,1043.1990905382727,41.12951559813163,,,EMEA,Startch Veg,18.25,452.96500000000003,56.2721881901048,3.083407572060537,17.559634312993357,23.577589802275433,1.2919227288918045,,,EMEA,Startch Veg,389455861,7.10756946325,176.409874077865,9.239840302225,229.33283630122452,,,,,,,,,,,,,,,,
40,,,,,,,,,,,,,Whole Grains,0.06951403846415136,0.0695,-1.4038464151350238e-05,88.98909148026799,185.39,88.98909148026799,185.39,,,,,,,,,,Whole Grains,228.49596165216778,476.0231352635876,228.49596165216778,476.0231352635876,,,,,,,Whole Grains,84.68,,143.81596165216777,1.698346264196596,13.032061480044499,391.3431352635876,4.6214352298486965,,,,Whole Grains,389455861,32.979122309480005,,42.872859002324006,,,,,,,,,,,,,,population,,,
41,,,,,,,,,,,,,Vegetables,0.05071496271744874,0.0507,-1.4962717448739615e-05,57.30790787071708,57.31,120.41367562599753,120.42,,,,,,,,,,Vegetables,147.14865947470508,147.15403140383088,309.1843972172177,309.2006362179256,,,,,,,Vegetables,182.5,,126.68439721721768,0.6941610806422887,8.331632977047708,126.70063621792559,0.6942500614680854,,,,Vegetables,389455861,71.0756946325,,92.39840302225001,,,,,,,,,,,,,,SUB SAHARAN AFRICA,643782928,,
42,,,,,,,,,,,,,Fruit,0.07146746065150673,0.0715,3.253934849326012e-05,63.105767755280446,63.11,,,,,,,,,,,,Fruit,162.03573774251262,162.0466048140947,,,,,,,,,Fruit,,,,,,0,,,,,Fruit,389455861,,,,,,,,,,,,,,,,,Middle East & North Africa,389455861,,
43,,,,,,,,,,,,,milk & Dairy,0.05192448905477078,0.0532,0.0012755109452292149,43.66849529506223,44.76,43.66849529506223,44.76,,,,,,,,,,milk & Dairy,112.12694343059901,114.92958376610487,112.12694343059901,114.92958376610487,,,,,,,milk & Dairy,91.25,,20.876943430599013,0.22878842115724946,4.783183261775044,23.67958376610487,0.2595022878477246,,,,milk & Dairy,389455861,35.53784731625,,46.199201511125004,,,,,,,,,,,,,,South Asia,1310898890,,
44,,,,,,,,,,,,,read meat,0.022032952941405795,0.022,-3.2952941405796354e-05,4.6709860235780285,4.67,4.6709860235780285,4.67,,,,,,,,,,read meat,11.993621078353803,11.991089280333105,11.993621078353803,11.991089280333105,,,,,,,read meat,5.11,,6.883621078353802,1.3470882736504504,11.60641319982384,6.8810892803331045,1.3465928141552064,,,,read meat,389455861,1.99011944971,,2.5871552846230004,,,,,,,,,,,,,,Europe & Central Asia,1046254720,,
45,,,,,,,,,,,,,Poultry,0.06461586943167735,0.0646,-1.5869431677348333e-05,8.658526503844765,8.66,16.50994890926443,16.509999999999998,,,,,,,,,,Poultry,22.232369238486736,22.236152712566316,42.3923493329182,42.392480517837164,,,,,,,Poultry,25.55,,16.8423493329182,0.659191754713041,8.119062474898447,16.842480517837163,0.6591968891521395,,,,Poultry,389455861,9.95059724855,,12.935776423115001,,,,,,,,,,,,,,N.America,331543147,,
46,,,,,,,,,,,,,Fish & Seafood,0.034273762115495564,0.0343,2.6237884504433373e-05,5.312433127901812,5.31,,,,,,,,,,,,Fish & Seafood,13.640655231792268,13.634407725603594,,,,,,,,,Fish & Seafood,,,,,,0,,,,,Fish & Seafood,389455861,,,,,,,,,,,,,,,,,East Asia & Pacific,2113393271,,
47,,,,,,,,,,,,,eggs,0.030627132418791975,0.0306,-2.713241879197595e-05,2.538989277517855,2.54,,,,,,,,,,,,eggs,6.519324862639196,6.5219200796672565,,,,,,,,,eggs,,,,,,0,,,,,eggs,389455861,,,,,,,,,,,,,,,,,Latin America & Caribbean,581130580,,
48,,,,,,,,,,,,,Legumes,0.040438604088149074,0.0404,-3.8604088149075955e-05,16.636441721864532,18.24,17.087317896314204,18.24,,,,,,,,,,Legumes,42.71714303938677,46.83457569020896,43.874851061271364,46.83457569020896,,,,,,,Legumes,45.625,,-1.7501489387286355,-0.03835942879405228,1.9585563253083196,1.2095756902089576,0.026511248004579893,,,,Legumes,389455861,17.768923658125,,23.099600755562502,,,,,,,,,,,,,,,,,
49,,,,,,,,,,,,,nuts,0.08507097631125898,0.0851,2.902368874101169e-05,0.4508761744496726,,,,,,,,,,,,,nuts,1.157708021884597,,,,,,,,,,nuts,,,,,,,,,,,,389455861,,,,,,,,,,,,,,,,,,,,
50,,,,,,,,,,,,,,,,,,,,,,,,,,,,,,,,,,,,,,,,,,,,,,,,,,,,,,,,,,,,,,,,,,,,,,,,,
51,,,,,,,,,,,,Europe,Startch Veg,0.18216334109086932,0.1023,-0.07986334109086932,152.05174080854863,85.37,152.05174080854863,85.37,1169.389354109549,,,0.1958953329295362,1312.6899999999998,0.16305795069616957,,,Europe,Startch Veg,145.3295625835252,81.59580871472676,145.3295625835252,81.59580871472676,1117.6908756115806,1254.6562275006986,55.88454378057903,,,Europe,Startch Veg,18.25,452.96500000000003,127.07956258352519,6.963263703206859,26.38799670912299,63.34580871472676,3.471003217245302,,,Europe,Startch Veg,1046254720,19.09414864,473.9167692448001,24.822393232,616.0918000182402,,,,,,,,,,,,,,,,
52,,,,,,,,,,,,,Whole Grains,0.1411950902262028,0.1412,4.9097737971903754e-06,180.75230670397576,376.57,180.75230670397576,376.57,,,,,,,,,,Whole Grains,172.7612819791874,359.92191270592303,172.7612819791874,359.92191270592303,,,,,,,Whole Grains,84.68,,88.0812819791874,1.040166296400418,10.198854329778506,275.241912705923,3.2503768623750946,,,,Whole Grains,1046254720,88.5968496896,,115.17590459648001,,,,,,,,,,,,,,,,,
53,,,,,,,,,,,,,Vegetables,0.14436662857348737,0.1444,3.337142651263503e-05,163.13429028804072,163.13,339.81882148403474,339.81,,,,,,,,,,Vegetables,155.9221546814534,155.91805406622203,324.79549672572534,324.78706523780363,,,,,,,Vegetables,182.5,,142.29549672572534,0.7797013519217827,8.830069942654944,142.28706523780363,0.7796551519879651,,,,Vegetables,1046254720,190.9414864,,248.22393232000002,,,,,,,,,,,,,,,,,
54,,,,,,,,,,,,,Fruit,0.20009573181879275,0.2001,4.2681812072453695e-06,176.684531195994,176.68,,,,,,,,,,,,Fruit,168.87334204427196,168.8690111715816,,,,,,,,,Fruit,,,,,,0,,,,,Fruit,1046254720,,,,,,,,,,,,,,,,,,,,
55,,,,,,,,,,,,,milk & Dairy,0.41366893744998845,0.4279,0.014231062550011553,347.8955763954403,359.87,347.8955763954403,359.87,,,,,,,,,,milk & Dairy,332.51517985547565,343.9602164948895,332.51517985547565,343.9602164948895,,,,,,,milk & Dairy,91.25,,241.26517985547565,2.6440019710189113,16.26038736014278,252.7102164948895,2.7694270300809807,,,,milk & Dairy,1046254720,95.4707432,,124.11196616000001,,,,,,,,,,,,,,,,,
56,,,,,,,,,,,,,read meat,0.2554070854329708,0.2554,-7.085432970788119e-06,54.14630211178981,54.15,54.14630211178981,54.15,,,,,,,,,,read meat,51.752504506541015,51.75603891182445,51.752504506541015,51.75603891182445,,,,,,,read meat,5.11,,46.642504506541016,9.127691684254602,30.21206991295797,46.64603891182445,9.12838334869363,,,,read meat,1046254720,5.3463616192000005,,6.950270104960001,,,,,,,,,,,,,,,,,
57,,,,,,,,,,,,,Poultry,0.20850928142890707,0.2085,-9.281428907076394e-06,27.940243711473546,27.94,62.07699374626158,62.080000000000005,,,,,,,,,,Poultry,26.705010909268392,26.70477797223223,59.332581788746026,59.33545513658471,,,,,,,Poultry,25.55,,33.78258178874603,1.3222145514186312,11.498758852235449,33.785455136584716,1.322327011216623,,,,Poultry,1046254720,26.731808096,,34.7513505248,,,,,,,,,,,,,,,,,
58,,,,,,,,,,,,,Fish & Seafood,0.12788100525737855,0.1279,1.8994742621458727e-05,19.821555814893674,19.82,,,,,,,,,,,,Fish & Seafood,18.94524864355563,18.943761610939255,,,,,,,,,Fish & Seafood,,,,,,0,,,,,Fish & Seafood,1046254720,,,,,,,,,,,,,,,,,,,,
59,,,,,,,,,,,,,eggs,0.17268026803250125,0.1727,1.9731967498742842e-05,14.315194219894355,14.32,,,,,,,,,,,,eggs,13.682322235922008,13.686915553413225,,,,,,,,,eggs,,,,,,0,,,,,eggs,1046254720,,,,,,,,,,,,,,,,,,,,
60,,,,,,,,,,,,,Legumes,0.07662610840727117,0.0766,-2.610840727117203e-05,31.523980998751362,34.839999999999996,32.64761285949814,34.839999999999996,,,,,,,,,,Legumes,30.130311860147557,33.2997302989467,31.204268172379795,33.2997302989467,,,,,,,Legumes,45.625,,-14.420731827620205,-0.3160708345779771,5.622017739014855,-12.325269701053301,-0.2701428975573326,,,,Legumes,1046254720,47.7353716,,62.055983080000004,,,,,,,,,,,,,,,,,
61,,,,,,,,,,,,,nuts,0.21200601146165543,0.212,-6.011461655436312e-06,1.1236318607467737,,,,,,,,,,,,,nuts,1.0739563122322389,,,,,,,,,,nuts,,,,,,,,,,,,1046254720,,,,,,,,,,,,,,,,,,,,
62,,,,,,,,,,,,,,,,,,,,,,,,,,,,,,,,,,,,,,,,,,,,,,,,,,,,,,,,,,,,,,,,,,,,,,,,,
63,,,,,,,,,,,,L Am,Startch Veg,0.06968959980061304,0.0391,-0.030589599800613036,58.169908953571706,32.66,58.169908953571706,32.66,522.9555335778628,,,0.0876051658906941,608.7600000000001,0.09056873020527585,,,L Am,Startch Veg,100.09782819133646,56.20079397645878,100.09782819133646,56.20079397645878,899.8933313367587,1047.544254167454,44.994666566837935,,,L Am,Startch Veg,18.25,452.96500000000003,81.84782819133646,4.484812503634875,21.177375908348218,37.95079397645878,2.079495560353906,,,L Am,Startch Veg,581130580,10.605633085,263.2318131697,13.7873230105,342.20135712061006,,,,,,,,,,,,,,,,
64,,,,,,,,,,,,,Whole Grains,0.07619747484706631,0.0762,2.525152933696706e-06,97.54495940022039,203.22,97.54495940022039,203.22,,,,,,,,,,Whole Grains,167.85377117862288,349.69765315051916,167.85377117862288,349.69765315051916,,,,,,,Whole Grains,84.68,,83.17377117862287,0.9822126969605912,9.910664442713168,265.01765315051915,3.1296369054147277,,,,Whole Grains,581130580,49.2101375144,,63.973178768720004,,,,,,,,,,,,,,,,,
65,,,,,,,,,,,,,Vegetables,0.03544530171558326,0.0354,-4.530171558325691e-05,40.053190938609085,40.05,139.55548332032,139.55,,,,,,,,,,Vegetables,68.92287605757916,68.91738514259566,240.1447938264065,240.13535821845755,,,,,,,Vegetables,182.5,,57.6447938264065,0.31586188398030957,5.62015910789285,57.635358218457554,0.3158101820189455,,,,Vegetables,581130580,106.05633085,,137.873230105,,,,,,,,,,,,,,,,,
66,,,,,,,,,,,,,Fruit,0.11268662783885723,0.1127,1.3372161142763406e-05,99.50229238171093,99.5,,,,,,,,,,,,Fruit,171.22191776882732,171.2179730758619,,,,,,,,,Fruit,,,,,,0,,,,,Fruit,581130580,,,,,,,,,,,,,,,,,,,,
67,,,,,,,,,,,,,milk & Dairy,0.1487927642122435,0.1525,0.003707235787756502,125.13471470249678,128.25,125.13471470249678,128.25,,,,,,,,,,milk & Dairy,215.3297709827915,220.69050298471646,215.3297709827915,220.69050298471646,,,,,,,milk & Dairy,91.25,,124.0797709827915,1.3597783121401807,11.6609532720965,129.44050298471646,1.4185260601064817,,,,milk & Dairy,581130580,53.028165425,,68.9366150525,,,,,,,,,,,,,,,,,
68,,,,,,,,,,,,,read meat,0.11859964312746471,0.1186,3.56872535287045e-07,25.143124343022517,25.14,25.143124343022517,25.14,,,,,,,,,,read meat,43.26587725433846,43.26050093595144,43.26587725433846,43.26050093595144,,,,,,,read meat,5.11,,38.15587725433846,7.466903572277586,27.325635532001055,38.15050093595144,7.465851455176407,,,,read meat,581130580,2.9695772638,,3.8604504429400004,,,,,,,,,,,,,,,,,
69,,,,,,,,,,,,,Poultry,0.1929369132536341,0.1929,-3.691325363411324e-05,25.85354637598697,25.85,40.76265945534834,40.760000000000005,,,,,,,,,,Poultry,44.48835987255562,44.482257326744026,70.14371788066694,70.13914153338825,,,,,,,Poultry,25.55,,44.593717880666944,1.7453509933724831,13.211173276331225,44.58914153338826,1.745171879976057,,,,Poultry,581130580,14.847886319,,19.3022522147,,,,,,,,,,,,,,,,,
70,,,,,,,,,,,,,Fish & Seafood,0.04721381054678067,0.0472,-1.381054678067234e-05,7.318140634751004,7.32,,,,,,,,,,,,Fish & Seafood,12.592936745388625,12.596136310706624,,,,,,,,,Fish & Seafood,,,,,,0,,,,,Fish & Seafood,581130580,,,,,,,,,,,,,,,,,,,,
71,,,,,,,,,,,,,eggs,0.09156782200977527,0.0916,3.217799022472989e-05,7.590972444610371,7.59,,,,,,,,,,,,eggs,13.062421262722692,13.060747895937606,,,,,,,,,eggs,,,,,,0,,,,,eggs,581130580,,,,,,,,,,,,,,,,,,,,
72,,,,,,,,,,,,,Legumes,0.08866596053466123,0.0887,3.4039465338767116e-05,36.47717616395963,39.18,36.64468340288299,39.18,,,,,,,,,,Legumes,62.769328304766944,67.4203033679625,63.057572022596005,67.4203033679625,,,,,,,Legumes,45.625,,17.432572022596005,0.3820837703582686,6.181292505279689,21.795303367962504,0.4777052792978083,,,,Legumes,581130580,26.5140827125,,34.46830752625,,,,,,,,,,,,,,,,,
73,,,,,,,,,,,,,nuts,0.031605139419501785,0.0316,-5.139419501781761e-06,0.16750723892335945,,,,,,,,,,,,,nuts,0.28824371782906255,,,,,,,,,,nuts,,,,,,,,,,,,581130580,,,,,,,,,,,,,,,,,,,,
74,,,,,,,,,,,,,,,,,,,,,,,,,,,,,,,,,,,,,,,,,,,,,,,,,,,,,,,,,,,,,,,,,,,,,,,,,
75,,,,,,,,,,,,N Am,Startch Veg,0.0506462458401035,0.0284,-0.0222462458401035,42.2744214027344,23.73,42.2744214027344,23.73,398.9006883262333,,,0.06682358007696397,429.48,0.05167073092600137,,,N Am,Startch Veg,127.50805373375552,71.5743945085977,127.50805373375552,71.5743945085977,1203.1637267599235,1295.3970060494119,60.15818633799618,,,N Am,Startch Veg,18.25,452.96500000000003,109.25805373375552,5.986742670342768,24.46782105203234,53.324394508597706,2.9218846306080937,,,N Am,Startch Veg,331543147,6.05066243275,150.177441580855,7.865861162575,195.2306740551115,,,,,,,,,,,,,,,,
76,,,,,,,,,,,,,Whole Grains,0.034206793564014334,0.0342,-6.793564014333231e-06,43.790168848908586,91.23,43.790168848908586,91.23,,,,,,,,,,Whole Grains,132.07984916940114,275.16780493128397,132.07984916940114,275.16780493128397,,,,,,,Whole Grains,84.68,,47.399849169401136,0.5597525882073823,7.481661501347025,190.48780493128396,2.249501711517288,,,,Whole Grains,331543147,28.075073687960003,,36.49759579434801,,,,,,,,,,,,,,,,,
77,,,,,,,,,,,,,Vegetables,0.0395995344125298,0.0396,4.655874702025331e-07,44.74747388615867,44.75,90.91942724299159,90.92,,,,,,,,,,Vegetables,134.9672713523428,134.97489061355867,274.2310557937474,274.23278334267604,,,,,,,Vegetables,182.5,,91.73105579374737,0.5026359221575198,7.089682095535172,91.73278334267604,0.5026453881790468,,,,Vegetables,331543147,60.5066243275,,78.65861162575,,,,,,,,,,,,,,,,,
78,,,,,,,,,,,,,Fruit,0.052289867901283024,0.0523,1.0132098716975069e-05,46.17195335683291,46.17,,,,,,,,,,,,Fruit,139.26378444140457,139.2578927291174,,,,,,,,,Fruit,,,,,,0,,,,,Fruit,331543147,,,,,,,,,,,,,,,,,,,,
79,,,,,,,,,,,,,milk & Dairy,0.16627350118493034,0.1667,0.00042649881506964804,139.83601449652642,140.21,139.83601449652642,140.21,,,,,,,,,,milk & Dairy,421.77320135205935,422.901215931331,421.77320135205935,422.901215931331,,,,,,,milk & Dairy,91.25,,330.52320135205935,3.6221720696116093,19.03200480667134,331.651215931331,3.634533873220066,,,,milk & Dairy,331543147,30.25331216375,,39.329305812875,,,,,,,,,,,,,,,,,
80,,,,,,,,,,,,,read meat,0.11523357996288809,0.1152,-3.3579962888094506e-05,24.429518952132277,24.43,24.429518952132277,24.43,,,,,,,,,,read meat,73.68428264370753,73.68573357964779,73.68428264370753,73.68573357964779,,,,,,,read meat,5.11,,68.57428264370753,13.419624783504409,36.63280603981138,68.57573357964779,13.419908724001523,,,,read meat,331543147,1.6941854811700001,,2.202441125521,,,,,,,,,,,,,,,,,
81,,,,,,,,,,,,,Poultry,0.17696152820196115,0.177,3.84717980388416e-05,23.712844779062795,23.71,38.413547620458445,38.410000000000004,,,,,,,,,,Poultry,71.5226509539731,71.51407053513913,115.8628913553096,115.8521910271908,,,,,,,Poultry,25.55,,90.3128913553096,3.5347511293663247,18.800933831505084,90.3021910271908,3.5343323298313423,,,,Poultry,331543147,8.47092740585,,11.012205627605,,,,,,,,,,,,,,,,,
82,,,,,,,,,,,,,Fish & Seafood,0.05644259826797192,0.0564,-4.259826797192029e-05,8.748602731535648,8.75,,,,,,,,,,,,Fish & Seafood,26.387523948838094,26.391738388125997,,,,,,,,,Fish & Seafood,,,,,,0,,,,,Fish & Seafood,331543147,,,,,,,,,,,,,,,,,,,,
83,,,,,,,,,,,,,eggs,0.07179855379806993,0.0718,1.4462019300720552e-06,5.952100109859997,5.95,,,,,,,,,,,,eggs,17.952716452498407,17.94638210392568,,,,,,,,,eggs,,,,,,0,,,,,eggs,331543147,,,,,,,,,,,,,,,,,,,,
84,,,,,,,,,,,,,Legumes,0.04562776077530186,0.0456,-2.776077530185911e-05,18.771260782959185,20.549999999999997,19.23758976248153,20.549999999999997,,,,,,,,,,Legumes,56.61785186275977,61.98288272868447,58.024392711943264,61.98288272868447,,,,,,,Legumes,45.625,,12.399392711943264,0.2717675114946469,5.213132565882503,16.357882728684473,0.3585289365191117,,,,Legumes,331543147,15.126656081875,,19.6646529064375,,,,,,,,,,,,,,,,,
85,,,,,,,,,,,,,nuts,0.0879865999098767,0.088,1.3400090123294461e-05,0.4663289795223465,,,,,,,,,,,,,nuts,1.4065408491834894,,,,,,,,,,nuts,,,,,,,,,,,,331543147,,,,,,,,,,,,,,,,,,,,
